{"Z": 1.0380001068115234, "CL": [188.5, 55.79998779296875, 0.0], "CR": [188.5, 664.2000122070312, 0.0], "STL": [1059.461181640625, 64.0166015625, 0.0], "STM": [1059.461181640625, 368.21661376953125, 0.0], "STR": [1059.461181640625, 672.4166259765625, 0.0], "SBR": [445.8885498046875, 666.6282348632812, 0.0], "SBM": [445.8885498046875, 362.42822265625, 0.0], "SBL": [445.8885498046875, 58.228179931640625, 0.0]}