{"Z": 1.065000057220459, "CL": [218.5, 62.79998779296875, 0.0], "CR": [218.5, 671.2000122070312, 0.0], "STL": [1089.458984375, 54.34405517578125, 0.0], "STM": [1089.458984375, 358.5440673828125, 0.0], "STR": [1089.458984375, 662.7440795898438, 0.0], "SBR": [475.88787841796875, 668.7011108398438, 0.0], "SBM": [475.88787841796875, 364.5010986328125, 0.0], "SBL": [475.88787841796875, 60.30107498168945, 0.0]}