{"Z": 0.9890000224113464, "CL": [296.767333984375, 19.25823974609375, 0.0], "CR": [267.0, 692.0, 0.0], "STL": [1167.733154296875, 11.55059814453125, 0.0], "STM": [1152.8494873046875, 347.9214782714844, 0.0], "STR": [1137.9658203125, 684.2923583984375, 0.0], "SBR": [524.389892578125, 689.7222290039062, 0.0], "SBM": [539.2735595703125, 353.3513488769531, 0.0], "SBL": [554.1572265625, 16.980453491210938, 0.0]}